<templates id="template" xml:space="preserve">


     <t t-name="website.slides.fullscreen.video">
        <div class="player embed-responsive embed-responsive-16by9 embed-responsive-item h-100">
            <iframe sandbox="allow-forms allow-scripts allow-pointer-lock allow-same-origin allow-top-navigation"
                    t-att-id="'youtube-player' + widget.slide.id" t-att-src="widget.slide.embedUrl" frameborder="0"
                    enablejsapi="1" autoplay="1" allow="autoplay"></iframe>
            <div id="overlay" class="overlay">

            </div>
            <div class="overlay2">

            </div>
        </div>
    </t>

</templates>
